0,mglbfyjqsfdlezh,63
1,gppk z obilmqc ja,96
2,k nbcbuwfgbq,48
3,s buwqsiuxn,52
4,xsxhnehsr  sww,48
5,ey mltep d bfiam t,90
6,mr ckjuyinkpdsen,74
7,thvr pbcuyiza d ax,38
8,iimiqqnsmxwfeejsyn,67
9,snpwoghd wo  joiukbp,50
10,y dvbtqpsdcmowsm,62
11,pkuozci ve,58
12,egafvf t nutmwjzdw r,37
13,vd lb i wiklhbdgtev,61
14,l kl rkfscpiwx,69
15,lhfyqf w vi  y,52
16,odwgccsmdx,18
17,rf vmupnm,81
18,wqhyhviot wltz,98
19,qkv w vk sau xfdmif,71
20,it ljynip wq  omaqr,88
21,emgmazk tnew,84
22,jfo  qbfc  ghqoc sk,57
23,acobnggcjrttfqfmytnw,66
24,exqwyduxhuyx dpeq,72
25,y yzsezq c bx m qnyk,100
26,uegrwrqp erpn,67
27,rp otj edfvypbiaig,55
28,x h ufg qd pvjiqn,71
29,kwf l kqe,69
30,u dbgutjo pw u,41
31,tbmek eucfignsuxo,70
32,s rz xps dvbv gor,23
33,bqyyu huhtuwzq,95
34,e yspq fj wh eg,90
35,eu mvlhjejo nd,58
36,i c  jdwozz obegufms,67
37,uusof s tkeslb,32
38,hcnxwkxibfyy,27
39,nhml wtkkd,50
40,xvvkiampbluewyjhe,84
41,vr he axstkkytzuw,76
42,u higliyqgc,20
43,etkcofxp e iot rmv n,86
44,hbtglxedekkki q gi,28
45,a fcuhafzxeack i qjr,68
46,e npy dcgvrewou gnzo,22
47,t qbhfrmfdmjcfrn,36
48,sb onwiy   lu usprj,79
49,wsaypf ug w,19
50,c ohubkqqejdjep vhv,21
51,jarcupx w ulpvp jmtc,92
52,wtg van uci,80
53,qbwrtl xtyu,34
54,zneygo wlo,32
55,nzijosxe xhasti,27
56,elmhu ghtltnyxlcm,31
57,wzxozei oxnkshqczsp,28
58,tne zwar  bzctrua,64
59,ufzxqnxmzc,92
60,f jkiyadjs  a bqyqg,81
61,qetjqyefd mly,74
62,dwu d w  ybiabuy lo,42
63,oqvmapf g smtuh p,85
64,gzcftjn oonl,39
65,o vfslxkqqun,37
66,g  irxrbdt xxlz,43
67,feicwc  nxo ffa,81
68,kkjw bf wxez wnyznfw,46
69,db xrrubcrizr tq,63
70,ejfcskzoygrmuvt zu,47
71,duek sjhats legb,95
72,iagr w rwhfkio,34
73,k qq xgwtf sxgah,57
74,extonofnwvacerotrh,44
75,mb gbv w,36
76,eqjeaubkivwo,76
77,ogrnpxtlpplgdn,26
78,p wgh   wnoiwyuwz,23
79,brxfferzwpmulv,23
80,remox ycjjbwcbxp,75
81,wtwwubwsnxxa    faah,57
82,zcx mk qsae zqg   gs,100
83,upaytqywqn,25
84,ttbxnb   ywsuy,57
85,zvlj s dhjcanbkzhez,45
86,urxenij h xi fc,37
87,jlb g  l p,60
88,gytzd tr xfmwdxy,96
89,qfugt nyy cism,97
90,ousnlt rnmej,27
91,hfmpi r pgbrspe,32
92,wpwl w fy   x,60
93,tbip vrgpizn ocib,30
94,pmqydtbrorsmywaiylb,37
95,setj buctfxjmexecssc,68
96,gzadh cl nbkqtm,45
97,lsziz gt xe x,51
98,o vemiayqxkqn,48
99,jym zelzlbieyifst,76
